{
  "name": "page-slider",
  "version": "0.3.8",
  "homepage": "https://github.com/dorian-marchal/page-slider",
  "authors": [
    "dorian-marchal <marchal.dorian@gmail.com>"
  ],
  "description": "A little library to add CSS transitions between pages in a mobile web app",
  "main": "lib/page-slider.min.js",
  "moduleType": [
    "amd",
    "globals",
    "node"
  ],
  "keywords": [
    "pageslider",
    "page",
    "slide",
    "slider"
  ],
  "license": "MIT",
  "ignore": [
    "**/.*",
    "node_modules",
    "bower_components",
    "test",
    "tests"
  ],
  "dependencies": {
    "jquery": "2.1.x"
  },
  "_release": "0.3.8",
  "_resolution": {
    "type": "version",
    "tag": "v0.3.8",
    "commit": "77b6eedbb89d0347c7eda75ab188f391f9a34510"
  },
  "_source": "git://github.com/dorian-marchal/page-slider.git",
  "_target": "~0.3.8",
  "_originalSource": "pageslider"
}